domain,model,target,is_primary,auc_src,auc_tgt,delta_auc,macro_f1_src,macro_f1_tgt,delta_macro_f1,f1_positive_src,f1_positive_tgt,delta_f1_positive,ece_src,ece_tgt,delta_ece,brier_src,brier_tgt,delta_brier,uncertainty_src,uncertainty_tgt,delta_uncertainty,reliability_src,reliability_tgt,resolution_src,resolution_tgt,delta_gap_auc,delta_gap_ci,delta_gap_p,diagnosis,diagnosis_note,auc_dc
clinical,fedavg,target_brfss,True,0.7877,0.7569,0.0308,0.6309,0.5287,0.1021,0.4789,0.3479,0.131,0.1679,0.2762,0.1083,0.1744,0.2172,0.0427,0.1513,0.1154,-0.0358,0.0473,0.1134,0.024,0.0116,-0.0661,"[-0.11269804715433636, -0.016389540570819122]",0.011,inconclusive,no probe produced adjudicable evidence above threshold for this target,
clinical,xgb,target_brfss,False,0.7685,0.6996,0.0689,0.6316,0.4348,0.1968,0.4641,0.3018,0.1623,0.1733,0.4102,0.2368,0.1814,0.3218,0.1404,0.1513,0.1154,-0.0358,0.0507,0.2125,0.0207,0.0063,0.0285,"[-0.017641766998980252, 0.07006929316920975]",0.212,inconclusive,no probe produced adjudicable evidence above threshold for this target,
nlp,bert,target_reddit,False,0.984,0.6447,0.3393,0.874,0.3037,0.5704,,,,0.0304,0.117,0.0866,0.032,0.1174,0.0854,0.1466,0.0825,-0.0641,0.0029,0.0369,0.1171,0.0019,0.0736,"[0.02321952746736994, 0.12669795911556367]",0.003,mixed,"multiple probes fired: ['concept', 'label', 'covariate']",0.9338419185735075
nlp,bert,target_twitter,False,0.984,0.5957,0.3883,0.874,0.3168,0.5572,,,,0.0304,0.2553,0.2248,0.032,0.2583,0.2263,0.1466,0.1711,0.0245,0.0029,0.0929,0.1171,0.0057,0.0802,"[0.043295890324809294, 0.11909304711569085]",0.0,mixed,"multiple probes fired: ['label', 'covariate']",0.9877839866790845
nlp,mentalbert,target_reddit,False,0.9833,0.6852,0.2981,0.8617,0.3306,0.5311,,,,0.0295,0.1067,0.0772,0.032,0.108,0.076,0.1466,0.0825,-0.0641,0.0026,0.0295,0.1166,0.0037,0.0933,"[0.0550806662854891, 0.1335727682843364]",0.0,mixed,"multiple probes fired: ['concept', 'label', 'covariate']",0.9338419185735075
nlp,mentalbert,target_twitter,False,0.9833,0.6106,0.3727,0.8617,0.2896,0.5721,,,,0.0295,0.2745,0.245,0.032,0.2781,0.2461,0.1466,0.1711,0.0245,0.0026,0.113,0.1166,0.0056,0.1509,"[0.10646187767427673, 0.19821857949240881]",0.0,mixed,"multiple probes fired: ['label', 'covariate']",0.9877839866790845
nlp,mentalroberta,target_reddit,False,0.9848,0.703,0.2819,0.8705,0.3186,0.5519,,,,0.0296,0.0997,0.0701,0.0317,0.101,0.0693,0.1466,0.0825,-0.0641,0.0029,0.0238,0.1173,0.0049,0.1073,"[0.07315484724511345, 0.14362925727758707]",0.0,mixed,"multiple probes fired: ['concept', 'label', 'covariate']",0.9338419185735075
nlp,mentalroberta,target_twitter,False,0.9848,0.6047,0.3801,0.8705,0.3055,0.565,,,,0.0296,0.25,0.2204,0.0317,0.2531,0.2215,0.1466,0.1711,0.0245,0.0029,0.0884,0.1173,0.0058,0.0795,"[0.043417476007214316, 0.11627294916935664]",0.0,mixed,"multiple probes fired: ['label', 'covariate']",0.9877839866790845
nlp,roberta,target_reddit,True,0.9865,0.6374,0.3492,0.8838,0.304,0.5798,,,,0.0285,0.1123,0.0838,0.0296,0.1123,0.0827,0.1466,0.0825,-0.0641,0.0024,0.0317,0.119,0.0018,0.0675,"[0.019356211113875806, 0.12170137328353893]",0.007,mixed,"multiple probes fired: ['concept', 'label', 'covariate']",0.9338419185735075
nlp,roberta,target_twitter,True,0.9865,0.603,0.3835,0.8838,0.2844,0.5993,,,,0.0285,0.2582,0.2297,0.0296,0.2603,0.2307,0.1466,0.1711,0.0245,0.0024,0.0951,0.119,0.0057,0.108,"[0.0693388351840755, 0.14882458609256918]",0.0,mixed,"multiple probes fired: ['label', 'covariate']",0.9877839866790845
lending,lightgbm_geo,target_heldout_states,True,0.8446,0.7859,0.0587,0.7156,0.6812,0.0344,0.8695,0.8564,0.0131,0.2055,0.1895,-0.016,0.1496,0.1619,0.0123,0.1459,0.152,0.006,0.0503,0.0417,0.0463,0.0315,-0.0292,"[-0.045823543234313126, -0.010732540001883745]",0.003,inconclusive,no probe produced adjudicable evidence above threshold for this target,
lending,lightgbm_temporal,target_2022,True,0.7932,0.8054,-0.0121,0.6584,0.6618,-0.0034,0.8552,0.7995,0.0556,0.2575,0.2464,-0.0111,0.1727,0.1928,0.02,0.1273,0.1647,0.0374,0.0743,0.0682,0.0286,0.0396,-0.0183,"[-0.04125625835269878, 0.006101037099759888]",0.135,covariate,,0.68792069625
lending,lightgbm_temporal,target_2023,True,0.7932,0.821,-0.0277,0.6584,0.6721,-0.0137,0.8552,0.7769,0.0783,0.2575,0.2402,-0.0172,0.1727,0.1976,0.0249,0.1273,0.183,0.0557,0.0743,0.0647,0.0286,0.0495,-0.0313,"[-0.05350447945621254, -0.00836052669278509]",0.003,covariate,,0.80373844375
lending,lightgbm_temporal,target_2024,True,0.7932,0.8192,-0.026,0.6584,0.671,-0.0125,0.8552,0.7819,0.0733,0.2575,0.2416,-0.0159,0.1727,0.1964,0.0237,0.1273,0.1793,0.052,0.0743,0.0655,0.0286,0.0478,-0.0275,"[-0.04823356569036381, -0.005119034342420792]",0.021,covariate,,0.7980847175
security,lightgbm,target_cicids2017,False,0.998,0.5445,0.4535,0.9038,0.3276,0.5761,0.9525,0.2484,0.7041,0.0707,0.6622,0.5916,0.0705,0.6598,0.5894,0.1668,0.1861,0.0193,0.018,0.4774,0.1142,0.0033,,"[nan, nan]",,inconclusive,"large prevalence shift measured (|Delta-pi|=0.633), but the positive-class attack families are measurably disjoint between source training data and target (see family_overlap_note) -- label shift's assumption that P(X|Y) is stable is directly contradicted, so the shift cannot be reduced to a prevalence change alone",
security,xgboost,target_cicids2017,True,0.998,0.6838,0.3142,0.9046,0.3315,0.5731,0.9529,0.2492,0.7037,0.0692,0.6458,0.5766,0.0655,0.646,0.5806,0.1668,0.1861,0.0193,0.0164,0.4678,0.1145,0.0073,,"[nan, nan]",,inconclusive,"large prevalence shift measured (|Delta-pi|=0.633), but the positive-class attack families are measurably disjoint between source training data and target (see family_overlap_note) -- label shift's assumption that P(X|Y) is stable is directly contradicted, so the shift cannot be reduced to a prevalence change alone",
