line,current_claim,source_evidence_and_frozen_status,action,note
main.tex title (L23-24),"TrustShift: Shift Type, Not Shift Magnitude, Determines Machine-Learning Failure Modes",H2b not_established,defer,title change deferred to Phase 4 stage H per explicit prior scope boundary; not reversed by this round's instructions
main.tex:45 (abstract),macro-F1 falls by up to 0.078,"WRONG NUMBER -- 0.078 is positive-class F1 (f1_positive), mislabeled macro_f1 pre-round-4; true macro-F1 delta for lending-temporal is -0.002 to -0.019 (target slightly improves)",fix,results/f1_metric_migration.csv
main.tex:46 (abstract),magnitude alone does not predict which metric moves,"close to H2a but not verbatim; H2a's frozen wording is 'insufficient to characterize', not 'predict'",fix,docs/PHASE4_SCIENTIFIC_SPINE.md H2a wording
main.tex:55 (abstract),never restores lost discrimination or subgroup reliability,security AUC moves +0.035 (0.684->0.718) under isotonic recalibration -- 'never' is contradicted by the paper's own Table 5,fix,results/remediation_security.json
main.tex:101 (Intro),outpredicts shift magnitude is a narrower question ... does not resolve in the affirmative,"already correct, fixed round-9",keep,n/a
main.tex:131 (Contributions),"reported here as a supporting case study, not as general evidence that shift mechanism outpredicts shift magnitude","already correct, fixed round-9",keep,n/a
main.tex:143 (Figure 1 caption),the resulting shift type (colored branches) predicts which trustworthiness axis fails,H2b/H3 overclaim in caption text,fix,docs/PHASE4_SCIENTIFIC_SPINE.md prohibited-claims list
main.tex:236 (Table 1 caption),data availability determines which Stage-2 probes return usable evidence,"false positive -- descriptive of protocol mechanics, not an overclaim (matches prior gap-audit finding)",keep,n/a
main.tex:288-290 (Results roadmap),"the failure that occurs is consistently predicted by the shift type across domains ... that regularity is categorical, not a magnitude law","H1 mixed, H2b not_established -- overclaims a settled causal story",fix,results/final_claim_status.json H1/H2b
main.tex:302 (4.1 summary),lending models ... degraded by 0.056--0.078,same WRONG-NUMBER issue as :45,fix,results/f1_metric_migration.csv
main.tex:316 (4.2 heading),The failure is consistently predicted by the shift type (the taxonomy),H1/H2b overclaim baked into section title,fix,user's suggested heading: 'Shift evidence and failure fingerprints'
main.tex:319-320 (4.2 intro),four distinct and interpretable failure fingerprints ... each fingerprint matches its mechanistic diagnosis,3 of 5 targets are inconclusive by current probes -- 'matches' overstates,fix,results/tables/T4_diagnosis.csv
main.tex:322 (NLP para header),Mixed evidence ... -> everything fails (evidence-first order),"item 3: fingerprint must come first, evidence second, confidence third",fix,"reorder arrow, no numeric change"
main.tex:337 (Security para header),Inconclusive by the current probes -> discrimination collapses ... (evidence-first order),same ordering issue,fix,"reorder arrow, no numeric change"
main.tex:364 (Lending-temporal para header),"Covariate shift -> ranking is robust, the operating point is not (evidence-first order)","same ordering issue, plus body has stale 0.056-0.078 at :368",fix,reorder arrow + fix :368 number
main.tex:370 (Lending-geo sentence),macro-F1 falls by 0.013 ... numerically similar behaviour [to temporal],"WRONG NUMBER (true delta=+0.034, seed42 primary) and no longer 'numerically similar' once temporal is corrected to near-flat/improving",fix,results/f1_metric_migration.csv geo seed42 rows
main.tex:375 (Clinical para header),Inconclusive -> calibration still fails (evidence-first order),same ordering issue,fix,"reorder arrow, no numeric change"
main.tex:409 (Table 2 lending-temporal row),falls (down 0.06--0.08),"same WRONG-NUMBER issue, table cell",fix,results/f1_metric_migration.csv
main.tex:410 (Table 2 lending-geo row),falls (down 0.01),"stale magnitude, true value 0.034",fix,results/f1_metric_migration.csv
main.tex:431 (Table 3 lending-temporal DeltaF1 cell),+0.078,"same WRONG-NUMBER issue as :45, master results table",fix,results/f1_metric_migration.csv target_2023 seed42
main.tex:432 (Table 3 lending-geo DeltaF1 cell),+0.013,"stale magnitude, true value +0.034",fix,results/f1_metric_migration.csv held-out seed42
main.tex:465-466 (tcolorbox close),the categorical diagnosis ... is what tracks failure,H2b not_established -- directly asserts the unresolved comparative claim,fix,user's suggested wording (item 5)
main.tex:470-471 (post-tcolorbox),rest the contribution on the categorical taxonomy,"same root issue as tcolorbox, softer instance",fix,reword to magnitude-insufficiency framing
"main.tex:521-528 (Discussion, What failed and why)",each way matched its shift mechanism ... the axis that fails is the axis the shift mechanism attacks,"H1 mixed, H2b not_established -- the paragraph's own closing thesis sentence",fix,"full paragraph rewrite, item 6"
"main.tex:530-531 (Discussion, practically important)",The clinical model retained its AUC,recurrence of the 'holds' overclaim fixed elsewhere in Results; AUC moves detectably at 7.2 SE,fix,results/clinical_axis_audit.json verdict
"main.tex:534-535 (Discussion, practically important)",diagnostics tailored to the underlying shift mechanism,implies validated mechanism-tailored diagnostics; softened to describe the multi-axis audit generally,fix,item 6
"main.tex:540 (Discussion, what practitioners)",The resulting diagnosis indicates which dashboard will mislead,H3 not_established -- implies validated predictive actionability,fix,"item 8, rewritten as a 6-step workflow"
"main.tex:549-551 (Discussion, Outlook)",identifying what type of shift has occurred before deployment ... a mechanism that explains it,H2b/H3 overclaim + 'recoverable before deployment' overbroad given concept probe needs target labels,fix,items 6+7
main.tex:610-611 (Conclusion),"Which axis fails ... is set by the type of shift, and the type is recoverable before deployment with cheap, largely label-free diagnostics","H1 mixed, H2b/H3 not established -- Conclusion's central thesis sentence, now the largest remaining overclaim in the document",fix,"full paragraph rewrite, item 10 (6-point structure)"
main.tex:176 (Protocol Axis 4 definition),Label shift: change in class prevalence,"legitimate background/protocol definition, not the security-specific misuse",keep,n/a
"main.tex:346,349 (Security paragraph body)",This is not label shift in the classical sense ... label shift's requirement,"already correctly nuanced, matches BLOCKER-6 correction",keep,n/a
