seed,state_fips,year,delta_macro_f1_old_mislabeled,delta_macro_f1_new_corrected,delta_f1_positive,old_field_was_actually,delta_of_deltas,sign_flipped
42,1,2022,0.0131222235688531,0.0083612463921678,0.0131222235688531,f1_positive (mislabeled as macro_f1),-0.004760977176685301,False
42,1,2023,0.0605005660622597,0.0117199910750858,0.0605005660622597,f1_positive (mislabeled as macro_f1),-0.048780574987173905,False
42,1,2024,0.034415162812498,0.010857206753403,0.034415162812498,f1_positive (mislabeled as macro_f1),-0.023557956059094998,False
42,2,2022,-0.1039853730445429,-0.050947058870164,-0.1039853730445429,f1_positive (mislabeled as macro_f1),0.0530383141743789,False
42,2,2023,0.040513712601664,-0.027486217461373,0.040513712601664,f1_positive (mislabeled as macro_f1),-0.06799993006303699,True
42,4,2022,0.0311719895729004,0.0029394419073283,0.0311719895729004,f1_positive (mislabeled as macro_f1),-0.0282325476655721,False
42,4,2023,0.0649241505821572,-0.0298028032175944,0.0649241505821572,f1_positive (mislabeled as macro_f1),-0.0947269537997516,True
42,4,2024,0.0684904781019758,0.0249350419926069,0.0684904781019758,f1_positive (mislabeled as macro_f1),-0.04355543610936889,False
42,5,2022,0.0837163241166655,0.1069833506981814,0.0837163241166655,f1_positive (mislabeled as macro_f1),0.0232670265815159,False
42,5,2023,0.0972574437581066,0.1005469902096019,0.0972574437581066,f1_positive (mislabeled as macro_f1),0.00328954645149529,False
42,5,2024,0.1152147488033696,0.1052185212991301,0.1152147488033696,f1_positive (mislabeled as macro_f1),-0.009996227504239494,False
42,6,2022,0.0526977995374061,-0.0444504898047769,0.0526977995374061,f1_positive (mislabeled as macro_f1),-0.097148289342183,True
42,6,2023,0.1516748005725519,0.0100534033825868,0.1516748005725519,f1_positive (mislabeled as macro_f1),-0.14162139718996508,False
42,6,2024,0.1840471617631587,0.0113464036932094,0.1840471617631587,f1_positive (mislabeled as macro_f1),-0.17270075806994928,False
42,8,2022,0.1017343153241422,0.0617773570921129,0.1017343153241422,f1_positive (mislabeled as macro_f1),-0.039956958232029306,False
42,8,2023,0.2040347087771632,0.1163320072011616,0.2040347087771632,f1_positive (mislabeled as macro_f1),-0.0877027015760016,False
42,8,2024,0.253285722225206,0.057398168958257,0.253285722225206,f1_positive (mislabeled as macro_f1),-0.195887553266949,False
42,9,2022,0.0350968071615682,0.0591625902465368,0.0350968071615682,f1_positive (mislabeled as macro_f1),0.024065783084968602,False
42,9,2023,0.0375703665898624,0.0818558686021194,0.0375703665898624,f1_positive (mislabeled as macro_f1),0.04428550201225699,False
42,9,2024,0.0460198182795672,0.0745216369851474,0.0460198182795672,f1_positive (mislabeled as macro_f1),0.028501818705580197,False
42,10,2022,0.1071164336716763,0.014091943906387,0.1071164336716763,f1_positive (mislabeled as macro_f1),-0.09302448976528929,False
42,10,2023,-0.0585974805124263,-0.132866183554699,-0.0585974805124263,f1_positive (mislabeled as macro_f1),-0.0742687030422727,False
42,10,2024,-0.0678051076775193,-0.145882490036005,-0.0678051076775193,f1_positive (mislabeled as macro_f1),-0.07807738235848571,False
42,11,2023,-0.0832721275130988,0.07079102472897,-0.0832721275130988,f1_positive (mislabeled as macro_f1),0.1540631522420688,True
42,12,2022,0.0450138109430857,0.0041409274666154,0.0450138109430857,f1_positive (mislabeled as macro_f1),-0.0408728834764703,False
42,12,2023,0.0769865607798927,-0.0163693938628605,0.0769865607798927,f1_positive (mislabeled as macro_f1),-0.0933559546427532,True
42,12,2024,0.0808194383072563,-0.0063102667898572,0.0808194383072563,f1_positive (mislabeled as macro_f1),-0.0871297050971135,True
42,13,2022,0.0052697715287112,0.0074837739864223,0.0052697715287112,f1_positive (mislabeled as macro_f1),0.0022140024577110996,False
42,13,2023,0.0152058089456605,-0.0415430899762334,0.0152058089456605,f1_positive (mislabeled as macro_f1),-0.0567488989218939,True
42,13,2024,0.0082914317510854,-0.0211338753000617,0.0082914317510854,f1_positive (mislabeled as macro_f1),-0.0294253070511471,True
42,15,2022,0.1064671723816714,-0.003356696337386,0.1064671723816714,f1_positive (mislabeled as macro_f1),-0.1098238687190574,True
42,15,2023,0.1283144861975368,-0.0085280342600803,0.1283144861975368,f1_positive (mislabeled as macro_f1),-0.1368425204576171,True
42,15,2024,0.1411452309067291,-0.0359154879710216,0.1411452309067291,f1_positive (mislabeled as macro_f1),-0.17706071887775068,True
42,16,2022,0.065683063010982,0.0719716712536641,0.065683063010982,f1_positive (mislabeled as macro_f1),0.006288608242682098,False
42,16,2023,0.1030199950847562,0.0450637040222936,0.1030199950847562,f1_positive (mislabeled as macro_f1),-0.057956291062462605,False
42,16,2024,0.0976891069958196,0.0449377036894184,0.0976891069958196,f1_positive (mislabeled as macro_f1),-0.052751403306401205,False
42,17,2022,-0.0183612969552769,0.0003611966835775,-0.0183612969552769,f1_positive (mislabeled as macro_f1),0.0187224936388544,True
42,17,2023,-0.0080435030696288,-0.0122326913805168,-0.0080435030696288,f1_positive (mislabeled as macro_f1),-0.004189188310888001,False
42,17,2024,-0.0033240723287432,-0.0248415516224225,-0.0033240723287432,f1_positive (mislabeled as macro_f1),-0.0215174792936793,False
42,18,2022,0.0923396134007763,0.0838186118753545,0.0923396134007763,f1_positive (mislabeled as macro_f1),-0.008521001525421804,False
42,18,2023,0.0869896212305587,0.0607863087755431,0.0869896212305587,f1_positive (mislabeled as macro_f1),-0.0262033124550156,False
42,18,2024,0.0982874463096542,0.0652629056413977,0.0982874463096542,f1_positive (mislabeled as macro_f1),-0.03302454066825651,False
42,19,2022,0.1314889875555415,0.1585603748367763,0.1314889875555415,f1_positive (mislabeled as macro_f1),0.027071387281234788,False
42,19,2023,0.1071026201066824,0.1255083653936528,0.1071026201066824,f1_positive (mislabeled as macro_f1),0.018405745286970393,False
42,19,2024,0.1058137519021807,0.1088266098564758,0.1058137519021807,f1_positive (mislabeled as macro_f1),0.003012857954295095,False
42,20,2022,0.0102078119434227,0.0078247495360317,0.0102078119434227,f1_positive (mislabeled as macro_f1),-0.0023830624073909994,False
42,20,2023,0.0157693279074975,-0.0213806164792472,0.0157693279074975,f1_positive (mislabeled as macro_f1),-0.037149944386744696,True
42,20,2024,0.0091923366717784,-0.0357921228263894,0.0091923366717784,f1_positive (mislabeled as macro_f1),-0.044984459498167796,True
42,21,2022,0.0711765748562742,0.1251158150023997,0.0711765748562742,f1_positive (mislabeled as macro_f1),0.053939240146125514,False
42,21,2023,0.0787963561756079,0.1058156346503789,0.0787963561756079,f1_positive (mislabeled as macro_f1),0.027019278474770994,False
42,21,2024,0.0696818355931743,0.07932725301633,0.0696818355931743,f1_positive (mislabeled as macro_f1),0.009645417423155694,False
42,22,2022,-0.0439959736299828,-0.027311581732478,-0.0439959736299828,f1_positive (mislabeled as macro_f1),0.016684391897504803,False
42,22,2023,-0.0318836786643675,-0.0269748755801336,-0.0318836786643675,f1_positive (mislabeled as macro_f1),0.004908803084233897,False
42,22,2024,-0.0022051792191289,0.0133567949567955,-0.0022051792191289,f1_positive (mislabeled as macro_f1),0.015561974175924401,True
42,23,2022,0.0622699659529843,0.0575171265747004,0.0622699659529843,f1_positive (mislabeled as macro_f1),-0.004752839378283899,False
42,23,2023,0.0804666585075667,0.0393008017458993,0.0804666585075667,f1_positive (mislabeled as macro_f1),-0.041165856761667396,False
42,23,2024,0.0710624321051131,0.0327091575147375,0.0710624321051131,f1_positive (mislabeled as macro_f1),-0.038353274590375595,False
42,24,2022,-0.0514523896965796,0.0030615186002085,-0.0514523896965796,f1_positive (mislabeled as macro_f1),0.0545139082967881,True
42,24,2023,-0.0135083207241351,-0.013026019244969,-0.0135083207241351,f1_positive (mislabeled as macro_f1),0.0004823014791661001,False
42,24,2024,-0.0134549259062041,-0.0169773801475259,-0.0134549259062041,f1_positive (mislabeled as macro_f1),-0.0035224542413218006,False
42,25,2022,0.0150563113837173,-0.0035945951334772,0.0150563113837173,f1_positive (mislabeled as macro_f1),-0.0186509065171945,True
42,25,2023,0.0418679573180191,-0.0118115172448608,0.0418679573180191,f1_positive (mislabeled as macro_f1),-0.0536794745628799,True
42,25,2024,0.0330769579147266,-0.0199314131733504,0.0330769579147266,f1_positive (mislabeled as macro_f1),-0.053008371088076996,True
42,26,2022,0.0708121810336029,0.0533415598349106,0.0708121810336029,f1_positive (mislabeled as macro_f1),-0.017470621198692297,False
42,26,2023,0.091966329881457,0.052049513990652,0.091966329881457,f1_positive (mislabeled as macro_f1),-0.03991681589080501,False
42,26,2024,0.0809269834647121,0.0391592620449793,0.0809269834647121,f1_positive (mislabeled as macro_f1),-0.0417677214197328,False
42,27,2022,0.0210695422844123,0.0867626011888563,0.0210695422844123,f1_positive (mislabeled as macro_f1),0.065693058904444,False
42,27,2023,0.0409633280799247,0.0797937272464809,0.0409633280799247,f1_positive (mislabeled as macro_f1),0.0388303991665562,False
42,27,2024,0.0361351351079002,0.0603019520572919,0.0361351351079002,f1_positive (mislabeled as macro_f1),0.024166816949391698,False
42,28,2022,0.1610611791545241,0.1288319142149597,0.1610611791545241,f1_positive (mislabeled as macro_f1),-0.03222926493956438,False
42,28,2023,0.1621144552706216,0.109787098672974,0.1621144552706216,f1_positive (mislabeled as macro_f1),-0.052327356597647603,False
42,28,2024,0.1024283290555242,0.0610246368459977,0.1024283290555242,f1_positive (mislabeled as macro_f1),-0.04140369220952649,False
42,29,2022,0.0167479077126193,0.0308529157882671,0.0167479077126193,f1_positive (mislabeled as macro_f1),0.0141050080756478,False
42,29,2023,0.0240672691767693,0.0136470902979241,0.0240672691767693,f1_positive (mislabeled as macro_f1),-0.0104201788788452,False
42,29,2024,0.0130325406905221,0.0156227736307562,0.0130325406905221,f1_positive (mislabeled as macro_f1),0.0025902329402341003,False
42,30,2022,0.0989678370177995,0.0918642361103184,0.0989678370177995,f1_positive (mislabeled as macro_f1),-0.007103600907481106,False
42,30,2023,0.0889290167799902,0.0335556614865573,0.0889290167799902,f1_positive (mislabeled as macro_f1),-0.055373355293432895,False
42,30,2024,0.1358019085118309,0.0523934102418185,0.1358019085118309,f1_positive (mislabeled as macro_f1),-0.08340849827001241,False
42,31,2022,0.0206638968633844,0.0636268235689967,0.0206638968633844,f1_positive (mislabeled as macro_f1),0.042962926705612296,False
42,31,2023,0.0411561069483251,0.0454214717755633,0.0411561069483251,f1_positive (mislabeled as macro_f1),0.004265364827238202,False
42,31,2024,0.0249294279505684,0.0210658146635239,0.0249294279505684,f1_positive (mislabeled as macro_f1),-0.0038636132870444977,False
42,32,2022,0.0586221568278276,0.0600090129970281,0.0586221568278276,f1_positive (mislabeled as macro_f1),0.0013868561692004996,False
42,32,2023,-0.0163839384455714,-0.1296705137657062,-0.0163839384455714,f1_positive (mislabeled as macro_f1),-0.11328657532013481,False
42,32,2024,-0.0177622316908112,-0.1459683841862079,-0.0177622316908112,f1_positive (mislabeled as macro_f1),-0.12820615249539669,False
42,33,2022,0.169196583434986,0.1279896017805785,0.169196583434986,f1_positive (mislabeled as macro_f1),-0.041206981654407504,False
42,33,2023,0.2371276428167813,0.0939411609749075,0.2371276428167813,f1_positive (mislabeled as macro_f1),-0.14318648184187382,False
42,33,2024,0.0769199201700877,0.0007662410455814,0.0769199201700877,f1_positive (mislabeled as macro_f1),-0.0761536791245063,False
42,34,2022,0.0549030429092992,-0.0002225922921729,0.0549030429092992,f1_positive (mislabeled as macro_f1),-0.055125635201472095,True
42,34,2023,0.1299672531266732,0.0076479922576805,0.1299672531266732,f1_positive (mislabeled as macro_f1),-0.12231926086899271,False
42,34,2024,0.1164540986540626,0.0042045555411814,0.1164540986540626,f1_positive (mislabeled as macro_f1),-0.1122495431128812,False
42,35,2022,-0.0568790188869664,0.0209260983024138,-0.0568790188869664,f1_positive (mislabeled as macro_f1),0.0778051171893802,True
42,35,2023,0.085925977990739,0.046849972458241,0.085925977990739,f1_positive (mislabeled as macro_f1),-0.03907600553249801,False
42,35,2024,-0.0613547966898077,0.0030330689161172,-0.0613547966898077,f1_positive (mislabeled as macro_f1),0.0643878656059249,True
42,36,2022,0.1114937577714852,0.0612452293038331,0.1114937577714852,f1_positive (mislabeled as macro_f1),-0.05024852846765209,False
42,36,2023,0.130486758367663,0.0365974625463215,0.130486758367663,f1_positive (mislabeled as macro_f1),-0.09388929582134149,False
42,36,2024,0.1397555129526237,0.0405652209225525,0.1397555129526237,f1_positive (mislabeled as macro_f1),-0.09919029203007121,False
42,37,2022,0.1007118788506575,-0.0250241542558024,0.1007118788506575,f1_positive (mislabeled as macro_f1),-0.1257360331064599,True
42,37,2023,0.1217471700372697,-0.0436958849692986,0.1217471700372697,f1_positive (mislabeled as macro_f1),-0.1654430550065683,True
42,37,2024,0.0811688271939843,0.0350486510244238,0.0811688271939843,f1_positive (mislabeled as macro_f1),-0.046120176169560496,False
42,38,2022,-0.0214106936246371,0.0642157426330474,-0.0214106936246371,f1_positive (mislabeled as macro_f1),0.0856264362576845,True
42,38,2023,0.0148913321057938,0.0763075058001323,0.0148913321057938,f1_positive (mislabeled as macro_f1),0.06141617369433851,False
42,38,2024,0.0331585804020766,0.0600481653812404,0.0331585804020766,f1_positive (mislabeled as macro_f1),0.0268895849791638,False
42,39,2022,0.1488538607050987,0.0903292607791562,0.1488538607050987,f1_positive (mislabeled as macro_f1),-0.0585245999259425,False
42,39,2023,0.1581598943164434,0.0547819434648009,0.1581598943164434,f1_positive (mislabeled as macro_f1),-0.1033779508516425,False
42,39,2024,0.0614385267661892,0.013124957628424,0.0614385267661892,f1_positive (mislabeled as macro_f1),-0.0483135691377652,False
42,40,2022,0.0382074367481576,-0.0016916297629314,0.0382074367481576,f1_positive (mislabeled as macro_f1),-0.039899066511089,True
42,40,2023,0.0388693439393774,0.0045956092953179,0.0388693439393774,f1_positive (mislabeled as macro_f1),-0.0342737346440595,False
42,40,2024,0.0067239605982588,-0.0194427131834215,0.0067239605982588,f1_positive (mislabeled as macro_f1),-0.026166673781680302,True
42,41,2022,0.1621072112665287,0.1131041515599821,0.1621072112665287,f1_positive (mislabeled as macro_f1),-0.04900305970654659,False
42,41,2023,0.1979362788271174,0.1118856349146436,0.1979362788271174,f1_positive (mislabeled as macro_f1),-0.0860506439124738,False
42,41,2024,0.1552826741838702,0.090924520343865,0.1552826741838702,f1_positive (mislabeled as macro_f1),-0.0643581538400052,False
42,42,2022,0.2765999376366028,0.1374247757667228,0.2765999376366028,f1_positive (mislabeled as macro_f1),-0.13917516186988,False
42,42,2023,0.3056350214320558,0.1194026769242334,0.3056350214320558,f1_positive (mislabeled as macro_f1),-0.1862323445078224,False
42,42,2024,0.2526012360548395,0.0982088121393516,0.2526012360548395,f1_positive (mislabeled as macro_f1),-0.15439242391548785,False
42,44,2022,0.0745076476182934,0.0749621983449756,0.0745076476182934,f1_positive (mislabeled as macro_f1),0.00045455072668219854,False
42,44,2023,0.1196091990466688,0.0753070408090669,0.1196091990466688,f1_positive (mislabeled as macro_f1),-0.04430215823760189,False
42,44,2024,0.1164664593379272,0.0744008871936613,0.1164664593379272,f1_positive (mislabeled as macro_f1),-0.0420655721442659,False
42,45,2022,0.0821548672821044,0.0545718181107255,0.0821548672821044,f1_positive (mislabeled as macro_f1),-0.027583049171378902,False
42,45,2023,0.0396315641059,0.0254670727763476,0.0396315641059,f1_positive (mislabeled as macro_f1),-0.014164491329552397,False
42,45,2024,0.0556551090875966,0.0222966154521842,0.0556551090875966,f1_positive (mislabeled as macro_f1),-0.0333584936354124,False
42,46,2022,-0.0435566305493798,0.0342738871603459,-0.0435566305493798,f1_positive (mislabeled as macro_f1),0.0778305177097257,True
42,46,2023,-0.0599461977876133,-0.0015004717100111,-0.0599461977876133,f1_positive (mislabeled as macro_f1),0.0584457260776022,False
42,46,2024,-0.0655209072535064,-0.0256085613660134,-0.0655209072535064,f1_positive (mislabeled as macro_f1),0.039912345887493,False
42,47,2022,0.0561017791858248,0.0047852706685492,0.0561017791858248,f1_positive (mislabeled as macro_f1),-0.051316508517275594,False
42,47,2023,0.0499242384355794,-0.0364539726073108,0.0499242384355794,f1_positive (mislabeled as macro_f1),-0.0863782110428902,True
42,47,2024,0.0359622461680041,-0.0378050650696776,0.0359622461680041,f1_positive (mislabeled as macro_f1),-0.07376731123768171,True
42,48,2022,-0.0135417125897299,-0.1144770832437563,-0.0135417125897299,f1_positive (mislabeled as macro_f1),-0.1009353706540264,False
42,48,2023,-0.0115483966844324,-0.1406803950540779,-0.0115483966844324,f1_positive (mislabeled as macro_f1),-0.1291319983696455,False
42,48,2024,-0.0124932247535225,-0.1255335786674437,-0.0124932247535225,f1_positive (mislabeled as macro_f1),-0.11304035391392118,False
42,49,2022,0.2162430460257152,0.1214460521109311,0.2162430460257152,f1_positive (mislabeled as macro_f1),-0.0947969939147841,False
42,49,2023,0.1416027759476483,0.0789415752354277,0.1416027759476483,f1_positive (mislabeled as macro_f1),-0.0626612007122206,False
42,49,2024,0.1796356958584659,0.0815856699733567,0.1796356958584659,f1_positive (mislabeled as macro_f1),-0.0980500258851092,False
42,50,2022,0.0011703727048447,0.0572344778392824,0.0011703727048447,f1_positive (mislabeled as macro_f1),0.0560641051344377,False
42,50,2024,0.0771367862257529,0.1262959145324463,0.0771367862257529,f1_positive (mislabeled as macro_f1),0.04915912830669339,False
42,51,2022,-0.0413286642198402,-0.0099236202930595,-0.0413286642198402,f1_positive (mislabeled as macro_f1),0.0314050439267807,False
42,51,2023,-0.0300965626617296,-0.0043871785745002,-0.0300965626617296,f1_positive (mislabeled as macro_f1),0.0257093840872294,False
42,51,2024,-0.0172265367861151,-0.0046700944488485,-0.0172265367861151,f1_positive (mislabeled as macro_f1),0.012556442337266601,False
42,53,2022,0.1164385934456601,0.0748075050304218,0.1164385934456601,f1_positive (mislabeled as macro_f1),-0.0416310884152383,False
42,53,2023,0.2572751010182096,0.1066302452265487,0.2572751010182096,f1_positive (mislabeled as macro_f1),-0.15064485579166093,False
42,53,2024,0.1500474391615025,0.0488295272510218,0.1500474391615025,f1_positive (mislabeled as macro_f1),-0.10121791191048071,False
42,54,2022,0.1422491647403199,0.0586129442530397,0.1422491647403199,f1_positive (mislabeled as macro_f1),-0.0836362204872802,False
42,54,2023,0.1954966979156824,0.065543192875301,0.1954966979156824,f1_positive (mislabeled as macro_f1),-0.1299535050403814,False
42,54,2024,0.2110634439859929,0.0776571534590032,0.2110634439859929,f1_positive (mislabeled as macro_f1),-0.13340629052698968,False
42,55,2022,0.1708877959353884,0.1660016264725877,0.1708877959353884,f1_positive (mislabeled as macro_f1),-0.004886169462800682,False
42,55,2023,0.2274864854552972,0.1701299983624799,0.2274864854552972,f1_positive (mislabeled as macro_f1),-0.05735648709281729,False
42,55,2024,0.1876936348424239,0.1403441300428041,0.1876936348424239,f1_positive (mislabeled as macro_f1),-0.0473495047996198,False
42,72,2022,0.0584553384481719,0.0481939793705102,0.0584553384481719,f1_positive (mislabeled as macro_f1),-0.010261359077661701,False
42,72,2023,0.0431931581447853,0.0609795708296049,0.0431931581447853,f1_positive (mislabeled as macro_f1),0.017786412684819605,False
42,72,2024,0.0322016993217294,0.0417342668515827,0.0322016993217294,f1_positive (mislabeled as macro_f1),0.009532567529853299,False
7,1,2022,0.0111561273708653,0.0041057688643214,0.0111561273708653,f1_positive (mislabeled as macro_f1),-0.0070503585065439,False
7,1,2023,0.0589383607555163,0.0082924178875026,0.0589383607555163,f1_positive (mislabeled as macro_f1),-0.050645942868013695,False
7,1,2024,0.0344641392084006,0.0090825670355336,0.0344641392084006,f1_positive (mislabeled as macro_f1),-0.025381572172867,False
7,2,2022,-0.1049527610562384,-0.0479728310422374,-0.1049527610562384,f1_positive (mislabeled as macro_f1),0.05697993001400099,False
7,2,2023,0.0372219337825423,-0.0337470958288773,0.0372219337825423,f1_positive (mislabeled as macro_f1),-0.0709690296114196,True
7,4,2022,0.0285013421089145,-0.0017596301414025,0.0285013421089145,f1_positive (mislabeled as macro_f1),-0.030260972250317,True
7,4,2023,0.0610044561657522,-0.0354472790498011,0.0610044561657522,f1_positive (mislabeled as macro_f1),-0.09645173521555331,True
7,4,2024,0.0668104062199163,0.0212174379923215,0.0668104062199163,f1_positive (mislabeled as macro_f1),-0.045592968227594795,False
7,5,2022,0.0822186648146361,0.1048276995693219,0.0822186648146361,f1_positive (mislabeled as macro_f1),0.0226090347546858,False
7,5,2023,0.0939510162418585,0.0962507234311083,0.0939510162418585,f1_positive (mislabeled as macro_f1),0.0022997071892497944,False
7,5,2024,0.1130436706000019,0.1012976828073768,0.1130436706000019,f1_positive (mislabeled as macro_f1),-0.01174598779262509,False
7,6,2022,0.0489217525838215,-0.0498846440911889,0.0489217525838215,f1_positive (mislabeled as macro_f1),-0.0988063966750104,True
7,6,2023,0.1456236461869063,0.0029583783903472,0.1456236461869063,f1_positive (mislabeled as macro_f1),-0.14266526779655908,False
7,6,2024,0.1799565080859734,0.0060207279010228,0.1799565080859734,f1_positive (mislabeled as macro_f1),-0.17393578018495062,False
7,8,2022,0.0999213565273593,0.0582159685464457,0.0999213565273593,f1_positive (mislabeled as macro_f1),-0.0417053879809136,False
7,8,2023,0.2015147696659598,0.1114623130602595,0.2015147696659598,f1_positive (mislabeled as macro_f1),-0.0900524566057003,False
7,8,2024,0.2520872377394657,0.0549677639772817,0.2520872377394657,f1_positive (mislabeled as macro_f1),-0.19711947376218397,False
7,9,2022,0.033185094979481,0.0541318594474515,0.033185094979481,f1_positive (mislabeled as macro_f1),0.020946764467970495,False
7,9,2023,0.0372570229608796,0.0787689610647305,0.0372570229608796,f1_positive (mislabeled as macro_f1),0.0415119381038509,False
7,9,2024,0.0468598580615989,0.0733289678146095,0.0468598580615989,f1_positive (mislabeled as macro_f1),0.026469109753010603,False
7,10,2022,0.1031626129990251,0.0082142581147963,0.1031626129990251,f1_positive (mislabeled as macro_f1),-0.0949483548842288,False
7,10,2023,-0.0581861362144805,-0.1383388700670451,-0.0581861362144805,f1_positive (mislabeled as macro_f1),-0.08015273385256459,False
7,10,2024,-0.0673042912936844,-0.14674824194516,-0.0673042912936844,f1_positive (mislabeled as macro_f1),-0.07944395065147561,False
7,11,2023,-0.0850426481398753,0.0669845962077884,-0.0850426481398753,f1_positive (mislabeled as macro_f1),0.1520272443476637,True
7,12,2022,0.0421299322258854,-0.0007090452162991,0.0421299322258854,f1_positive (mislabeled as macro_f1),-0.042838977442184505,True
7,12,2023,0.0739310011888576,-0.0211052713532439,0.0739310011888576,f1_positive (mislabeled as macro_f1),-0.09503627254210151,True
7,12,2024,0.0782069039017608,-0.0108437704934625,0.0782069039017608,f1_positive (mislabeled as macro_f1),-0.0890506743952233,True
7,13,2022,0.0023133031046992,0.0024255982333766,0.0023133031046992,f1_positive (mislabeled as macro_f1),0.0001122951286774,False
7,13,2023,0.0116594377124137,-0.0470602899228295,0.0116594377124137,f1_positive (mislabeled as macro_f1),-0.0587197276352432,True
7,13,2024,0.0038315319184268,-0.027993667313178,0.0038315319184268,f1_positive (mislabeled as macro_f1),-0.0318251992316048,True
7,15,2022,0.0984942132594658,-0.0129723587831263,0.0984942132594658,f1_positive (mislabeled as macro_f1),-0.1114665720425921,True
7,15,2023,0.1221970852551036,-0.0162331420091029,0.1221970852551036,f1_positive (mislabeled as macro_f1),-0.1384302272642065,True
7,15,2024,0.1263720085852532,-0.0494185842598623,0.1263720085852532,f1_positive (mislabeled as macro_f1),-0.1757905928451155,True
7,16,2022,0.06670861430436,0.0693148775687667,0.06670861430436,f1_positive (mislabeled as macro_f1),0.0026062632644067024,False
7,16,2023,0.1007027654775357,0.0407632435863227,0.1007027654775357,f1_positive (mislabeled as macro_f1),-0.059939521891213,False
7,16,2024,0.0961449617594758,0.041281514373117,0.0961449617594758,f1_positive (mislabeled as macro_f1),-0.0548634473863588,False
7,17,2022,-0.0205071895980335,-0.0036355013092671,-0.0205071895980335,f1_positive (mislabeled as macro_f1),0.0168716882887664,False
7,17,2023,-0.010624398728086,-0.016567418486438,-0.010624398728086,f1_positive (mislabeled as macro_f1),-0.005943019758352002,False
7,17,2024,-0.0056527478483353,-0.0288187409155108,-0.0056527478483353,f1_positive (mislabeled as macro_f1),-0.0231659930671755,False
7,18,2022,0.0898175385113555,0.0792811300461098,0.0898175385113555,f1_positive (mislabeled as macro_f1),-0.0105364084652457,False
7,18,2023,0.0843688101082122,0.0564975416126475,0.0843688101082122,f1_positive (mislabeled as macro_f1),-0.027871268495564705,False
7,18,2024,0.0949251199935133,0.0603047841097273,0.0949251199935133,f1_positive (mislabeled as macro_f1),-0.034620335883786005,False
7,19,2022,0.1283838705491188,0.1539740669140231,0.1283838705491188,f1_positive (mislabeled as macro_f1),0.02559019636490431,False
7,19,2023,0.1062878284965046,0.1233554478674872,0.1062878284965046,f1_positive (mislabeled as macro_f1),0.017067619370982598,False
7,19,2024,0.1032231071291422,0.104690164160896,0.1032231071291422,f1_positive (mislabeled as macro_f1),0.0014670570317537879,False
7,20,2022,0.0080408362902134,0.0034180102071501,0.0080408362902134,f1_positive (mislabeled as macro_f1),-0.004622826083063299,False
7,20,2023,0.0150340019288546,-0.025501735408229,0.0150340019288546,f1_positive (mislabeled as macro_f1),-0.0405357373370836,True
7,20,2024,0.0084098837057811,-0.0385421235862339,0.0084098837057811,f1_positive (mislabeled as macro_f1),-0.046952007292015,True
7,21,2022,0.0683471223354621,0.1207655735062512,0.0683471223354621,f1_positive (mislabeled as macro_f1),0.052418451170789096,False
7,21,2023,0.0760447775470193,0.1011217754759181,0.0760447775470193,f1_positive (mislabeled as macro_f1),0.025076997928898795,False
7,21,2024,0.0663782021392485,0.0739387741091318,0.0663782021392485,f1_positive (mislabeled as macro_f1),0.007560571969883301,False
7,22,2022,-0.0464826396650425,-0.0322348063022038,-0.0464826396650425,f1_positive (mislabeled as macro_f1),0.014247833362838698,False
7,22,2023,-0.0349859767790137,-0.0320400165748925,-0.0349859767790137,f1_positive (mislabeled as macro_f1),0.0029459602041212035,False
7,22,2024,-0.0081331473315899,0.0051164566189704,-0.0081331473315899,f1_positive (mislabeled as macro_f1),0.0132496039505603,True
7,23,2022,0.0603713318849218,0.0537339005603767,0.0603713318849218,f1_positive (mislabeled as macro_f1),-0.006637431324545105,False
7,23,2023,0.0787953414988318,0.0371603408922556,0.0787953414988318,f1_positive (mislabeled as macro_f1),-0.0416350006065762,False
7,23,2024,0.0695524852748536,0.0293082679188823,0.0695524852748536,f1_positive (mislabeled as macro_f1),-0.04024421735597129,False
7,24,2022,-0.0539223808989466,-0.0017045954812807,-0.0539223808989466,f1_positive (mislabeled as macro_f1),0.0522177854176659,False
7,24,2023,-0.016462391278469,-0.0178015397507493,-0.016462391278469,f1_positive (mislabeled as macro_f1),-0.0013391484722803,False
7,24,2024,-0.0153399401722852,-0.0205526051753743,-0.0153399401722852,f1_positive (mislabeled as macro_f1),-0.0052126650030891,False
7,25,2022,0.0141499023940105,-0.0067675954334849,0.0141499023940105,f1_positive (mislabeled as macro_f1),-0.0209174978274954,True
7,25,2023,0.0408406602859244,-0.0153909406146276,0.0408406602859244,f1_positive (mislabeled as macro_f1),-0.056231600900552,True
7,25,2024,0.0331521353798791,-0.0214372620913382,0.0331521353798791,f1_positive (mislabeled as macro_f1),-0.0545893974712173,True
7,26,2022,0.0691824230182345,0.0497120394835863,0.0691824230182345,f1_positive (mislabeled as macro_f1),-0.0194703835346482,False
7,26,2023,0.090724218857581,0.0489852429278819,0.090724218857581,f1_positive (mislabeled as macro_f1),-0.0417389759296991,False
7,26,2024,0.0791337215847117,0.0356624937153732,0.0791337215847117,f1_positive (mislabeled as macro_f1),-0.0434712278693385,False
7,27,2022,0.0198925707841871,0.0835238611693002,0.0198925707841871,f1_positive (mislabeled as macro_f1),0.0636312903851131,False
7,27,2023,0.0388123814418366,0.0761695885880648,0.0388123814418366,f1_positive (mislabeled as macro_f1),0.0373572071462282,False
7,27,2024,0.0346855796241776,0.0572934714428163,0.0346855796241776,f1_positive (mislabeled as macro_f1),0.022607891818638703,False
7,28,2022,0.1580913245350126,0.1245363958348889,0.1580913245350126,f1_positive (mislabeled as macro_f1),-0.03355492870012369,False
7,28,2023,0.1575802760630076,0.1032506803393086,0.1575802760630076,f1_positive (mislabeled as macro_f1),-0.054329595723698984,False
7,28,2024,0.0997394291123179,0.0565799956605369,0.0997394291123179,f1_positive (mislabeled as macro_f1),-0.043159433451781,False
7,29,2022,0.013608299683622,0.0261943208333322,0.013608299683622,f1_positive (mislabeled as macro_f1),0.012586021149710198,False
7,29,2023,0.0199208868791769,0.0076180203981991,0.0199208868791769,f1_positive (mislabeled as macro_f1),-0.0123028664809778,False
7,29,2024,0.0092851029992262,0.0095542040746563,0.0092851029992262,f1_positive (mislabeled as macro_f1),0.0002691010754301004,False
7,30,2022,0.0980810050998315,0.0897642373491561,0.0980810050998315,f1_positive (mislabeled as macro_f1),-0.0083167677506754,False
7,30,2023,0.0906349475910628,0.0347206968472216,0.0906349475910628,f1_positive (mislabeled as macro_f1),-0.0559142507438412,False
7,30,2024,0.1350725853487597,0.0508186696732663,0.1350725853487597,f1_positive (mislabeled as macro_f1),-0.08425391567549341,False
7,31,2022,0.0184786290587976,0.0590882093606258,0.0184786290587976,f1_positive (mislabeled as macro_f1),0.04060958030182821,False
7,31,2023,0.0397099182018048,0.0420284765657755,0.0397099182018048,f1_positive (mislabeled as macro_f1),0.002318558363970699,False
7,31,2024,0.0232876489776495,0.0183061079745149,0.0232876489776495,f1_positive (mislabeled as macro_f1),-0.004981541003134599,False
7,32,2022,0.0564435514354961,0.0555476967863318,0.0564435514354961,f1_positive (mislabeled as macro_f1),-0.0008958546491643002,False
7,32,2023,-0.0141085974218313,-0.1280413956788532,-0.0141085974218313,f1_positive (mislabeled as macro_f1),-0.1139327982570219,False
7,32,2024,-0.0179393419022176,-0.1470935063558914,-0.0179393419022176,f1_positive (mislabeled as macro_f1),-0.1291541644536738,False
7,33,2022,0.1669143726348512,0.123288592316083,0.1669143726348512,f1_positive (mislabeled as macro_f1),-0.04362578031876821,False
7,33,2023,0.2388610869299273,0.0921602052825222,0.2388610869299273,f1_positive (mislabeled as macro_f1),-0.1467008816474051,False
7,33,2024,0.073626211357604,-0.0045776498332255,0.073626211357604,f1_positive (mislabeled as macro_f1),-0.0782038611908295,True
7,34,2022,0.0520213827731691,-0.0050286195129284,0.0520213827731691,f1_positive (mislabeled as macro_f1),-0.0570500022860975,True
7,34,2023,0.1259192570084064,0.002386716855441,0.1259192570084064,f1_positive (mislabeled as macro_f1),-0.12353254015296539,False
7,34,2024,0.1136290802605241,-0.0004977299527556,0.1136290802605241,f1_positive (mislabeled as macro_f1),-0.1141268102132797,True
7,35,2022,-0.059359140329219,0.0166631877032313,-0.059359140329219,f1_positive (mislabeled as macro_f1),0.07602232803245029,True
7,35,2023,0.0893739507103835,0.0483783876755953,0.0893739507103835,f1_positive (mislabeled as macro_f1),-0.0409955630347882,False
7,35,2024,-0.0634493605543532,-0.0007214070238116,-0.0634493605543532,f1_positive (mislabeled as macro_f1),0.0627279535305416,False
7,36,2022,0.1074781308989079,0.0558029015387898,0.1074781308989079,f1_positive (mislabeled as macro_f1),-0.0516752293601181,False
7,36,2023,0.1262839822057043,0.0308663134266443,0.1262839822057043,f1_positive (mislabeled as macro_f1),-0.09541766877906001,False
7,36,2024,0.1363510670004529,0.0355133611530594,0.1363510670004529,f1_positive (mislabeled as macro_f1),-0.10083770584739352,False
7,37,2022,0.0944334902054552,-0.0324607428943984,0.0944334902054552,f1_positive (mislabeled as macro_f1),-0.1268942330998536,True
7,37,2023,0.1153974185553414,-0.0509790840094988,0.1153974185553414,f1_positive (mislabeled as macro_f1),-0.1663765025648402,True
7,37,2024,0.0761457442675173,0.0284348775408467,0.0761457442675173,f1_positive (mislabeled as macro_f1),-0.0477108667266706,False
7,38,2022,-0.0227793222356297,0.0613596622318182,-0.0227793222356297,f1_positive (mislabeled as macro_f1),0.0841389844674479,True
7,38,2023,0.0132988691572166,0.0736844692374846,0.0132988691572166,f1_positive (mislabeled as macro_f1),0.060385600080268005,False
7,38,2024,0.0304705132241818,0.0563703875013247,0.0304705132241818,f1_positive (mislabeled as macro_f1),0.0258998742771429,False
7,39,2022,0.1450063089339008,0.0851979820420247,0.1450063089339008,f1_positive (mislabeled as macro_f1),-0.059808326891876096,False
7,39,2023,0.1539735009095785,0.0491380891599818,0.1539735009095785,f1_positive (mislabeled as macro_f1),-0.10483541174959671,False
7,39,2024,0.0577780925678537,0.0078133327723091,0.0577780925678537,f1_positive (mislabeled as macro_f1),-0.0499647597955446,False
7,40,2022,0.0362395108753568,-0.0054563410790021,0.0362395108753568,f1_positive (mislabeled as macro_f1),-0.041695851954358897,True
7,40,2023,0.0366975090437486,0.0005795248995338,0.0366975090437486,f1_positive (mislabeled as macro_f1),-0.0361179841442148,False
7,40,2024,0.004971563229186,-0.0226447526319697,0.004971563229186,f1_positive (mislabeled as macro_f1),-0.027616315861155698,True
7,41,2022,0.1601853375848893,0.1095800518667073,0.1601853375848893,f1_positive (mislabeled as macro_f1),-0.050605285718181986,False
7,41,2023,0.1955455844647396,0.1072770166319279,0.1955455844647396,f1_positive (mislabeled as macro_f1),-0.0882685678328117,False
7,41,2024,0.1556368050144191,0.0884091862308696,0.1556368050144191,f1_positive (mislabeled as macro_f1),-0.06722761878354949,False
7,42,2022,0.2716894315364032,0.1315298033628383,0.2716894315364032,f1_positive (mislabeled as macro_f1),-0.1401596281735649,False
7,42,2023,0.3004487671271827,0.1134735864365893,0.3004487671271827,f1_positive (mislabeled as macro_f1),-0.18697518069059343,False
7,42,2024,0.2485953838565562,0.0929945706561468,0.2485953838565562,f1_positive (mislabeled as macro_f1),-0.1556008132004094,False
7,44,2022,0.0712110307457136,0.0682577942884243,0.0712110307457136,f1_positive (mislabeled as macro_f1),-0.0029532364572893016,False
7,44,2023,0.1166265901171386,0.069449978015076,0.1166265901171386,f1_positive (mislabeled as macro_f1),-0.0471766121020626,False
7,44,2024,0.1143865431506039,0.0695286611800192,0.1143865431506039,f1_positive (mislabeled as macro_f1),-0.0448578819705847,False
7,45,2022,0.0777875741318346,0.0484893314037938,0.0777875741318346,f1_positive (mislabeled as macro_f1),-0.029298242728040796,False
7,45,2023,0.035806954168732,0.0203713704198783,0.035806954168732,f1_positive (mislabeled as macro_f1),-0.015435583748853704,False
7,45,2024,0.0497639042632066,0.014637804668268,0.0497639042632066,f1_positive (mislabeled as macro_f1),-0.0351260995949386,False
7,46,2022,-0.0454950526516036,0.0308931618959408,-0.0454950526516036,f1_positive (mislabeled as macro_f1),0.0763882145475444,True
7,46,2023,-0.0626403324470595,-0.0068414691762936,-0.0626403324470595,f1_positive (mislabeled as macro_f1),0.05579886327076589,False
7,46,2024,-0.0682679235380855,-0.0307861910732493,-0.0682679235380855,f1_positive (mislabeled as macro_f1),0.0374817324648362,False
7,47,2022,0.0518462004433443,-0.0015224197056989,0.0518462004433443,f1_positive (mislabeled as macro_f1),-0.0533686201490432,True
7,47,2023,0.0455906528950528,-0.0428237986434959,0.0455906528950528,f1_positive (mislabeled as macro_f1),-0.0884144515385487,True
7,47,2024,0.0325832503119849,-0.042374772463091,0.0325832503119849,f1_positive (mislabeled as macro_f1),-0.0749580227750759,True
7,48,2022,-0.0164325792300896,-0.1194099687705037,-0.0164325792300896,f1_positive (mislabeled as macro_f1),-0.10297738954041409,False
7,48,2023,-0.0152284139940307,-0.1464267021521638,-0.0152284139940307,f1_positive (mislabeled as macro_f1),-0.13119828815813311,False
7,48,2024,-0.0163680468359057,-0.1315139006084366,-0.0163680468359057,f1_positive (mislabeled as macro_f1),-0.11514585377253089,False
7,49,2022,0.2157638066094438,0.1184694225440751,0.2157638066094438,f1_positive (mislabeled as macro_f1),-0.09729438406536871,False
7,49,2023,0.1421483749859545,0.0761550576431203,0.1421483749859545,f1_positive (mislabeled as macro_f1),-0.0659933173428342,False
7,49,2024,0.1814430298828074,0.0803260827026201,0.1814430298828074,f1_positive (mislabeled as macro_f1),-0.1011169471801873,False
7,50,2022,0.0029707141293578,0.0578794832586555,0.0029707141293578,f1_positive (mislabeled as macro_f1),0.0549087691292977,False
7,50,2024,0.0768967305552416,0.1246749333286262,0.0768967305552416,f1_positive (mislabeled as macro_f1),0.0477782027733846,False
7,51,2022,-0.0438937269986117,-0.0148407015472851,-0.0438937269986117,f1_positive (mislabeled as macro_f1),0.0290530254513266,False
7,51,2023,-0.0329307054320257,-0.0089241373733753,-0.0329307054320257,f1_positive (mislabeled as macro_f1),0.024006568058650396,False
7,51,2024,-0.0198867679128879,-0.0086367968691801,-0.0198867679128879,f1_positive (mislabeled as macro_f1),0.0112499710437078,False
7,53,2022,0.1139469268357568,0.0704637774460801,0.1139469268357568,f1_positive (mislabeled as macro_f1),-0.043483149389676706,False
7,53,2023,0.254190116156454,0.1017641916427738,0.254190116156454,f1_positive (mislabeled as macro_f1),-0.1524259245136802,False
7,53,2024,0.1473240347309039,0.0439471680464789,0.1473240347309039,f1_positive (mislabeled as macro_f1),-0.10337686668442501,False
7,54,2022,0.1385097961687293,0.054337118174936,0.1385097961687293,f1_positive (mislabeled as macro_f1),-0.0841726779937933,False
7,54,2023,0.1908619547500716,0.059627662084232,0.1908619547500716,f1_positive (mislabeled as macro_f1),-0.13123429266583958,False
7,54,2024,0.206133149440724,0.0715750382111576,0.206133149440724,f1_positive (mislabeled as macro_f1),-0.1345581112295664,False
7,55,2022,0.167845262386983,0.1617262668852237,0.167845262386983,f1_positive (mislabeled as macro_f1),-0.006118995501759289,False
7,55,2023,0.2254913651218453,0.1665324076227186,0.2254913651218453,f1_positive (mislabeled as macro_f1),-0.05895895749912672,False
7,55,2024,0.1848023842898475,0.1361605085125692,0.1848023842898475,f1_positive (mislabeled as macro_f1),-0.0486418757772783,False
7,72,2022,0.0594907551426056,0.0449518801438895,0.0594907551426056,f1_positive (mislabeled as macro_f1),-0.014538874998716103,False
7,72,2023,0.0474121665921116,0.0601318758137486,0.0474121665921116,f1_positive (mislabeled as macro_f1),0.012719709221636996,False
7,72,2024,0.0332436736001933,0.0377875661235279,0.0332436736001933,f1_positive (mislabeled as macro_f1),0.004543892523334599,False
123,1,2022,0.0143139645374813,0.0089449327118829,0.0143139645374813,f1_positive (mislabeled as macro_f1),-0.0053690318255983985,False
123,1,2023,0.0637750852711898,0.0134911782900782,0.0637750852711898,f1_positive (mislabeled as macro_f1),-0.0502839069811116,False
123,1,2024,0.0349362597200555,0.0115088185776375,0.0349362597200555,f1_positive (mislabeled as macro_f1),-0.023427441142417998,False
123,2,2022,-0.102546375450075,-0.0427810054040728,-0.102546375450075,f1_positive (mislabeled as macro_f1),0.0597653700460022,False
123,2,2023,0.0442719935919593,-0.0255595761168619,0.0442719935919593,f1_positive (mislabeled as macro_f1),-0.06983156970882119,True
123,4,2022,0.0342832025866283,0.0045803571830383,0.0342832025866283,f1_positive (mislabeled as macro_f1),-0.02970284540359,False
123,4,2023,0.0665710722716494,-0.0298643872205167,0.0665710722716494,f1_positive (mislabeled as macro_f1),-0.09643545949216611,True
123,4,2024,0.0695372016116508,0.02514859894898,0.0695372016116508,f1_positive (mislabeled as macro_f1),-0.044388602662670806,False
123,5,2022,0.0857033190780595,0.1083051469858493,0.0857033190780595,f1_positive (mislabeled as macro_f1),0.022601827907789793,False
123,5,2023,0.0981695188656832,0.1004280444950799,0.0981695188656832,f1_positive (mislabeled as macro_f1),0.0022585256293966988,False
123,5,2024,0.1175377804180356,0.1068152059147801,0.1175377804180356,f1_positive (mislabeled as macro_f1),-0.010722574503255505,False
123,6,2022,0.0514545975078054,-0.0467360275527052,0.0514545975078054,f1_positive (mislabeled as macro_f1),-0.0981906250605106,True
123,6,2023,0.1510042044514117,0.0083788091868444,0.1510042044514117,f1_positive (mislabeled as macro_f1),-0.1426253952645673,False
123,6,2024,0.1857034614079643,0.0113007530631068,0.1857034614079643,f1_positive (mislabeled as macro_f1),-0.1744027083448575,False
123,8,2022,0.1041473274373881,0.0625366753889641,0.1041473274373881,f1_positive (mislabeled as macro_f1),-0.041610652048424,False
123,8,2023,0.2094878546146404,0.1183322050962746,0.2094878546146404,f1_positive (mislabeled as macro_f1),-0.0911556495183658,False
123,8,2024,0.258934771540271,0.0605005878071172,0.258934771540271,f1_positive (mislabeled as macro_f1),-0.1984341837331538,False
123,9,2022,0.037085280321838,0.0596653047280065,0.037085280321838,f1_positive (mislabeled as macro_f1),0.0225800244061685,False
123,9,2023,0.041396698748172,0.0829491091456255,0.041396698748172,f1_positive (mislabeled as macro_f1),0.041552410397453506,False
123,9,2024,0.0524074334889609,0.0790191926438305,0.0524074334889609,f1_positive (mislabeled as macro_f1),0.026611759154869602,False
123,10,2022,0.110524354241261,0.0147565951472566,0.110524354241261,f1_positive (mislabeled as macro_f1),-0.0957677590940044,False
123,10,2023,-0.0531885356497573,-0.1233248323656517,-0.0531885356497573,f1_positive (mislabeled as macro_f1),-0.0701362967158944,False
123,10,2024,-0.0657641421635493,-0.1383496269145901,-0.0657641421635493,f1_positive (mislabeled as macro_f1),-0.0725854847510408,False
123,11,2023,-0.0814204815764738,0.0653959631536578,-0.0814204815764738,f1_positive (mislabeled as macro_f1),0.1468164447301316,True
123,12,2022,0.044608208620211,0.0028645200533286,0.044608208620211,f1_positive (mislabeled as macro_f1),-0.041743688566882396,False
123,12,2023,0.0762694416396372,-0.0178641017650332,0.0762694416396372,f1_positive (mislabeled as macro_f1),-0.0941335434046704,True
123,12,2024,0.0800976383325116,-0.0079051305372582,0.0800976383325116,f1_positive (mislabeled as macro_f1),-0.08800276886976979,True
123,13,2022,0.0056192030449595,0.0069434471529609,0.0056192030449595,f1_positive (mislabeled as macro_f1),0.0013242441080014,False
123,13,2023,0.0150063169640105,-0.0425236010131351,0.0150063169640105,f1_positive (mislabeled as macro_f1),-0.0575299179771456,True
123,13,2024,0.0094415810980064,-0.0201039550042786,0.0094415810980064,f1_positive (mislabeled as macro_f1),-0.029545536102285004,True
123,15,2022,0.1146096519573942,0.0023662435220986,0.1146096519573942,f1_positive (mislabeled as macro_f1),-0.1122434084352956,False
123,15,2023,0.137354888420439,-0.0028077797537789,0.137354888420439,f1_positive (mislabeled as macro_f1),-0.1401626681742179,True
123,15,2024,0.1391238343294393,-0.038572851999607,0.1391238343294393,f1_positive (mislabeled as macro_f1),-0.1776966863290463,True
123,16,2022,0.0712684592908238,0.0757051751299408,0.0712684592908238,f1_positive (mislabeled as macro_f1),0.004436715839116992,False
123,16,2023,0.1092304606552081,0.0489701768392289,0.1092304606552081,f1_positive (mislabeled as macro_f1),-0.0602602838159792,False
123,16,2024,0.1043878302933324,0.0492112114857582,0.1043878302933324,f1_positive (mislabeled as macro_f1),-0.0551766188075742,False
123,17,2022,-0.019214500410935,-0.001204148668556,-0.019214500410935,f1_positive (mislabeled as macro_f1),0.018010351742379,False
123,17,2023,-0.0084136397497978,-0.012879653548748,-0.0084136397497978,f1_positive (mislabeled as macro_f1),-0.004466013798950199,False
123,17,2024,-0.0037821164695562,-0.0256114916332504,-0.0037821164695562,f1_positive (mislabeled as macro_f1),-0.0218293751636942,False
123,18,2022,0.0932610081816756,0.0835895600698577,0.0932610081816756,f1_positive (mislabeled as macro_f1),-0.009671448111817901,False
123,18,2023,0.0892809205962865,0.0617813424711887,0.0892809205962865,f1_positive (mislabeled as macro_f1),-0.027499578125097804,False
123,18,2024,0.1002329625427104,0.0656842135001379,0.1002329625427104,f1_positive (mislabeled as macro_f1),-0.034548749042572505,False
123,19,2022,0.1388122247342365,0.1631127260346047,0.1388122247342365,f1_positive (mislabeled as macro_f1),0.024300501300368205,False
123,19,2023,0.1116524541173745,0.1284752104998688,0.1116524541173745,f1_positive (mislabeled as macro_f1),0.016822756382494294,False
123,19,2024,0.1093581872405544,0.1110071455236821,0.1093581872405544,f1_positive (mislabeled as macro_f1),0.0016489582831276939,False
123,20,2022,0.0119388838181349,0.0096723382714775,0.0119388838181349,f1_positive (mislabeled as macro_f1),-0.0022665455466574,False
123,20,2023,0.0169238112300441,-0.0201405364352564,0.0169238112300441,f1_positive (mislabeled as macro_f1),-0.0370643476653005,True
123,20,2024,0.0088229654724653,-0.0380938033340407,0.0088229654724653,f1_positive (mislabeled as macro_f1),-0.046916768806506,True
123,21,2022,0.072886281310009,0.1255496743712981,0.072886281310009,f1_positive (mislabeled as macro_f1),0.0526633930612891,False
123,21,2023,0.0806336361993202,0.1065648197123652,0.0806336361993202,f1_positive (mislabeled as macro_f1),0.025931183513045006,False
123,21,2024,0.0711779528513997,0.0788748567238978,0.0711779528513997,f1_positive (mislabeled as macro_f1),0.007696903872498093,False
123,22,2022,-0.0436984045158795,-0.0269296339866048,-0.0436984045158795,f1_positive (mislabeled as macro_f1),0.016768770529274703,False
123,22,2023,-0.0323000911418299,-0.0280183944674087,-0.0323000911418299,f1_positive (mislabeled as macro_f1),0.0042816966744211975,False
123,22,2024,-0.0081742090021929,0.0053792712067671,-0.0081742090021929,f1_positive (mislabeled as macro_f1),0.01355348020896,True
123,23,2022,0.0664639054745107,0.0603743383193734,0.0664639054745107,f1_positive (mislabeled as macro_f1),-0.006089567155137296,False
123,23,2023,0.0861847645749085,0.0438791911267859,0.0861847645749085,f1_positive (mislabeled as macro_f1),-0.04230557344812261,False
123,23,2024,0.0768250615703665,0.0359513556662447,0.0768250615703665,f1_positive (mislabeled as macro_f1),-0.0408737059041218,False
123,24,2022,-0.0512394336023755,0.0038405946816967,-0.0512394336023755,f1_positive (mislabeled as macro_f1),0.0550800282840722,True
123,24,2023,-0.0126909368532521,-0.0118620324307359,-0.0126909368532521,f1_positive (mislabeled as macro_f1),0.0008289044225162009,False
123,24,2024,-0.0115149690094501,-0.0152402256188975,-0.0115149690094501,f1_positive (mislabeled as macro_f1),-0.0037252566094474002,False
123,25,2022,0.0196361650178054,0.0001473885651264,0.0196361650178054,f1_positive (mislabeled as macro_f1),-0.019488776452679,False
123,25,2023,0.0483195893412468,-0.0064890651627744,0.0483195893412468,f1_positive (mislabeled as macro_f1),-0.0548086545040212,True
123,25,2024,0.0394175774773978,-0.0141490703418388,0.0394175774773978,f1_positive (mislabeled as macro_f1),-0.0535666478192366,True
123,26,2022,0.0717823958465887,0.0533486161059802,0.0717823958465887,f1_positive (mislabeled as macro_f1),-0.018433779740608502,False
123,26,2023,0.0945710793524301,0.0532946564362527,0.0945710793524301,f1_positive (mislabeled as macro_f1),-0.0412764229161774,False
123,26,2024,0.0820890679390708,0.0395211306979222,0.0820890679390708,f1_positive (mislabeled as macro_f1),-0.042567937241148594,False
123,27,2022,0.0228276348757846,0.087364844277806,0.0228276348757846,f1_positive (mislabeled as macro_f1),0.0645372094020214,False
123,27,2023,0.0417405939919581,0.0796405599578278,0.0417405939919581,f1_positive (mislabeled as macro_f1),0.037899965965869704,False
123,27,2024,0.0380289701087157,0.061700333152035,0.0380289701087157,f1_positive (mislabeled as macro_f1),0.0236713630433193,False
123,28,2022,0.1631273967746003,0.1291191800870003,0.1631273967746003,f1_positive (mislabeled as macro_f1),-0.03400821668760001,False
123,28,2023,0.1663721965701653,0.1115906847012662,0.1663721965701653,f1_positive (mislabeled as macro_f1),-0.05478151186889911,False
123,28,2024,0.1046492218043284,0.0623126423243146,0.1046492218043284,f1_positive (mislabeled as macro_f1),-0.0423365794800138,False
123,29,2022,0.0166514904684274,0.0301566222871535,0.0166514904684274,f1_positive (mislabeled as macro_f1),0.013505131818726101,False
123,29,2023,0.0238944699653876,0.012982072638848,0.0238944699653876,f1_positive (mislabeled as macro_f1),-0.010912397326539602,False
123,29,2024,0.0132115670850093,0.015104393536401,0.0132115670850093,f1_positive (mislabeled as macro_f1),0.0018928264513917003,False
123,30,2022,0.1028815453227283,0.0943975849644521,0.1028815453227283,f1_positive (mislabeled as macro_f1),-0.008483960358276199,False
123,30,2023,0.0953666501516846,0.0386533769069838,0.0953666501516846,f1_positive (mislabeled as macro_f1),-0.05671327324470081,False
123,30,2024,0.1420723672501659,0.0566616026604224,0.1420723672501659,f1_positive (mislabeled as macro_f1),-0.08541076458974349,False
123,31,2022,0.0202518851611946,0.0628141233803378,0.0202518851611946,f1_positive (mislabeled as macro_f1),0.042562238219143206,False
123,31,2023,0.0408846414521254,0.0446961750064679,0.0408846414521254,f1_positive (mislabeled as macro_f1),0.0038115335543425014,False
123,31,2024,0.0250316816969721,0.0212779450361957,0.0250316816969721,f1_positive (mislabeled as macro_f1),-0.003753736660776403,False
123,32,2022,0.0597177423198117,0.0591245779714484,0.0597177423198117,f1_positive (mislabeled as macro_f1),-0.0005931643483633037,False
123,32,2023,-0.0099598236702659,-0.1216967493093228,-0.0099598236702659,f1_positive (mislabeled as macro_f1),-0.11173692563905689,False
123,32,2024,-0.0119011021205102,-0.1401269337654418,-0.0119011021205102,f1_positive (mislabeled as macro_f1),-0.1282258316449316,False
123,33,2022,0.1713367675706525,0.1274745988860105,0.1713367675706525,f1_positive (mislabeled as macro_f1),-0.04386216868464199,False
123,33,2023,0.2458556981575096,0.0975574440321181,0.2458556981575096,f1_positive (mislabeled as macro_f1),-0.1482982541253915,False
123,33,2024,0.0789101825442353,0.0019209710931682,0.0789101825442353,f1_positive (mislabeled as macro_f1),-0.0769892114510671,False
123,34,2022,0.0572871286612237,0.0011677190040751,0.0572871286612237,f1_positive (mislabeled as macro_f1),-0.0561194096571486,False
123,34,2023,0.1342200840992878,0.0098903553609038,0.1342200840992878,f1_positive (mislabeled as macro_f1),-0.124329728738384,False
123,34,2024,0.1219569102253022,0.0077147249070567,0.1219569102253022,f1_positive (mislabeled as macro_f1),-0.1142421853182455,False
123,35,2022,-0.0572698262426758,0.0196710663536656,-0.0572698262426758,f1_positive (mislabeled as macro_f1),0.0769408925963414,True
123,35,2023,0.094801517328943,0.0551986068809075,0.094801517328943,f1_positive (mislabeled as macro_f1),-0.0396029104480355,False
123,35,2024,-0.0605180267913709,0.0059349117794536,-0.0605180267913709,f1_positive (mislabeled as macro_f1),0.0664529385708245,True
123,36,2022,0.1130988727520997,0.061354388881481,0.1130988727520997,f1_positive (mislabeled as macro_f1),-0.0517444838706187,False
123,36,2023,0.1315266669174307,0.0361207833548238,0.1315266669174307,f1_positive (mislabeled as macro_f1),-0.0954058835626069,False
123,36,2024,0.1426753810667801,0.0417608909380424,0.1426753810667801,f1_positive (mislabeled as macro_f1),-0.1009144901287377,False
123,37,2022,0.1013466617368297,-0.025208362919468,0.1013466617368297,f1_positive (mislabeled as macro_f1),-0.1265550246562977,True
123,37,2023,0.1231028776817706,-0.0433875798193831,0.1231028776817706,f1_positive (mislabeled as macro_f1),-0.1664904575011537,True
123,37,2024,0.0825091829874966,0.0351927792202922,0.0825091829874966,f1_positive (mislabeled as macro_f1),-0.0473164037672044,False
123,38,2022,-0.0182914703847552,0.0681013443836627,-0.0182914703847552,f1_positive (mislabeled as macro_f1),0.08639281476841791,True
123,38,2023,0.0161971446444239,0.0776615663875635,0.0161971446444239,f1_positive (mislabeled as macro_f1),0.0614644217431396,False
123,38,2024,0.0346282320641259,0.0618930845383091,0.0346282320641259,f1_positive (mislabeled as macro_f1),0.0272648524741832,False
123,39,2022,0.1494261798083515,0.0896500897881314,0.1494261798083515,f1_positive (mislabeled as macro_f1),-0.05977609002022009,False
123,39,2023,0.1574155950315189,0.0531216529484853,0.1574155950315189,f1_positive (mislabeled as macro_f1),-0.10429394208303358,False
123,39,2024,0.060799790927478,0.0115819066402194,0.060799790927478,f1_positive (mislabeled as macro_f1),-0.049217884287258595,False
123,40,2022,0.0400154688689602,-0.0004449327167316,0.0400154688689602,f1_positive (mislabeled as macro_f1),-0.0404604015856918,True
123,40,2023,0.0381216410717538,0.003063920408005,0.0381216410717538,f1_positive (mislabeled as macro_f1),-0.0350577206637488,False
123,40,2024,0.0078819440501131,-0.0181388634418687,0.0078819440501131,f1_positive (mislabeled as macro_f1),-0.0260208074919818,True
123,41,2022,0.1680848725899429,0.1165610953849535,0.1680848725899429,f1_positive (mislabeled as macro_f1),-0.05152377720498939,False
123,41,2023,0.2037724442449958,0.1149001309313625,0.2037724442449958,f1_positive (mislabeled as macro_f1),-0.0888723133136333,False
123,41,2024,0.162893906260826,0.0954982961646807,0.162893906260826,f1_positive (mislabeled as macro_f1),-0.06739561009614531,False
123,42,2022,0.2793403354694395,0.137819291325517,0.2793403354694395,f1_positive (mislabeled as macro_f1),-0.14152104414392247,False
123,42,2023,0.3075624269225749,0.119390573528615,0.3075624269225749,f1_positive (mislabeled as macro_f1),-0.18817185339395992,False
123,42,2024,0.2556275693936368,0.0990686569071236,0.2556275693936368,f1_positive (mislabeled as macro_f1),-0.15655891248651319,False
123,44,2022,0.0780806158065201,0.0768840037229975,0.0780806158065201,f1_positive (mislabeled as macro_f1),-0.0011966120835226052,False
123,44,2023,0.1260474383386058,0.0785022061924008,0.1260474383386058,f1_positive (mislabeled as macro_f1),-0.047545232146205,False
123,44,2024,0.1244360954422103,0.0798088525376861,0.1244360954422103,f1_positive (mislabeled as macro_f1),-0.0446272429045242,False
123,45,2022,0.0847153048662203,0.0559757468856049,0.0847153048662203,f1_positive (mislabeled as macro_f1),-0.028739557980615393,False
123,45,2023,0.0400354213053453,0.0261132610331648,0.0400354213053453,f1_positive (mislabeled as macro_f1),-0.0139221602721805,False
123,45,2024,0.0525385584303211,0.0193688586463657,0.0525385584303211,f1_positive (mislabeled as macro_f1),-0.0331696997839554,False
123,46,2022,-0.0437587519386946,0.0342424184117106,-0.0437587519386946,f1_positive (mislabeled as macro_f1),0.0780011703504052,True
123,46,2023,-0.0605094790254774,-0.0011912913147804,-0.0605094790254774,f1_positive (mislabeled as macro_f1),0.059318187710697,False
123,46,2024,-0.0660643655320948,-0.0255400333873444,-0.0660643655320948,f1_positive (mislabeled as macro_f1),0.0405243321447504,False
123,47,2022,0.0578293353681136,0.0055509382344495,0.0578293353681136,f1_positive (mislabeled as macro_f1),-0.0522783971336641,False
123,47,2023,0.0511210623655816,-0.0361234167579017,0.0511210623655816,f1_positive (mislabeled as macro_f1),-0.08724447912348329,True
123,47,2024,0.0373152205155196,-0.0367442535894283,0.0373152205155196,f1_positive (mislabeled as macro_f1),-0.0740594741049479,True
123,48,2022,-0.0142561181367647,-0.1156157862223149,-0.0142561181367647,f1_positive (mislabeled as macro_f1),-0.1013596680855502,False
123,48,2023,-0.0130793461948569,-0.1427537818252903,-0.0130793461948569,f1_positive (mislabeled as macro_f1),-0.1296744356304334,False
123,48,2024,-0.0142449003546039,-0.1278080739359359,-0.0142449003546039,f1_positive (mislabeled as macro_f1),-0.113563173581332,False
123,49,2022,0.2239488756784367,0.1250837488998876,0.2239488756784367,f1_positive (mislabeled as macro_f1),-0.09886512677854908,False
123,49,2023,0.1454651318477623,0.0799866520294815,0.1454651318477623,f1_positive (mislabeled as macro_f1),-0.0654784798182808,False
123,49,2024,0.1888190590382324,0.0866554651034093,0.1888190590382324,f1_positive (mislabeled as macro_f1),-0.1021635939348231,False
123,50,2022,0.0037783619637914,0.0606711147477733,0.0037783619637914,f1_positive (mislabeled as macro_f1),0.0568927527839819,False
123,50,2024,0.0784608777387864,0.1265110627811236,0.0784608777387864,f1_positive (mislabeled as macro_f1),0.048050185042337185,False
123,51,2022,-0.0412744981222237,-0.010153298132254,-0.0412744981222237,f1_positive (mislabeled as macro_f1),0.031121199989969706,False
123,51,2023,-0.0305926005114494,-0.0050938745740322,-0.0305926005114494,f1_positive (mislabeled as macro_f1),0.0254987259374172,False
123,51,2024,-0.0166777502400774,-0.0038219094607893,-0.0166777502400774,f1_positive (mislabeled as macro_f1),0.0128558407792881,False
123,53,2022,0.1214062269911526,0.0773591722051246,0.1214062269911526,f1_positive (mislabeled as macro_f1),-0.044047054786027995,False
123,53,2023,0.2662421265482695,0.1110886418911691,0.2662421265482695,f1_positive (mislabeled as macro_f1),-0.1551534846571004,False
123,53,2024,0.1571291649441664,0.0530257643020457,0.1571291649441664,f1_positive (mislabeled as macro_f1),-0.1041034006421207,False
123,54,2022,0.1410119017617954,0.0569654966703871,0.1410119017617954,f1_positive (mislabeled as macro_f1),-0.0840464050914083,False
123,54,2023,0.193826273391552,0.0627676170526138,0.193826273391552,f1_positive (mislabeled as macro_f1),-0.1310586563389382,False
123,54,2024,0.2131881884013853,0.0780336114179531,0.2131881884013853,f1_positive (mislabeled as macro_f1),-0.1351545769834322,False
123,55,2022,0.1728261828230188,0.1662683078655916,0.1728261828230188,f1_positive (mislabeled as macro_f1),-0.006557874957427184,False
123,55,2023,0.2312246125706399,0.1718189274386333,0.2312246125706399,f1_positive (mislabeled as macro_f1),-0.059405685132006586,False
123,55,2024,0.1902334473118675,0.1415488907548419,0.1902334473118675,f1_positive (mislabeled as macro_f1),-0.04868455655702561,False
123,72,2022,0.0568478419110314,0.0429423823456874,0.0568478419110314,f1_positive (mislabeled as macro_f1),-0.013905459565344003,False
123,72,2023,0.0463777462669967,0.0579538594512019,0.0463777462669967,f1_positive (mislabeled as macro_f1),0.011576113184205199,False
123,72,2024,0.034309454082413,0.0386590033114712,0.034309454082413,f1_positive (mislabeled as macro_f1),0.004349549229058197,False
