location,current_sentence_or_claim,frozen_status,action
main.tex title,TrustShift: Shift Mechanism Is More Informative Than Shift Magnitude for Machine-Learning Deployment Audits,H2b not_established,rewrite
main.tex:43-47 (abstract),A lending model under large measured covariate shift (domain-classifier AUC up to 0.80) improves in ranking (AUC) while its fixed-threshold operating performance degrades (macro-F1 falls by up to 0.078)... A mental-health model at comparable domain-classifier magnitudes loses up to 0.39 AUC.,lending operating-point claim contradicted as worded (whole-year aggregate reverses); AUC_dc cross-domain 'comparable magnitudes' claim invalid (round-5 #28),rewrite
main.tex:102-105 (Contributions),...a mental-health model at comparable domain-classifier magnitude collapses on every axis.,same AUC_dc cross-domain commensurability issue as above,rewrite
"main.tex:140-141 (methods, Axis 1 discrimination)",AUC (macro one-vs-rest for multiclass domains) and macro-F1,metric definitions correct post-F1-fix,keep
main.tex:218 (Table 1 caption),data availability determines which Stage-2 probes return usable evidence,"false positive on determines grep -- descriptive of the protocol, not an overclaim",keep
main.tex:281-284 (results summary),...though its operating-point performance (macro-F1) fell by 0.131...,clinical macro-F1 stale value (0.131 -> corrected 0.102),rewrite
main.tex:328-341 (security shift description),This is not label shift in the classical sense... label shift's requirement... is directly contradicted...,"already correctly nuanced language, matches BLOCKER-6 correction",keep
main.tex:337-339 (security recall numbers),"goldeneye 0.00, hulk 0.0003, slowloris 0.21, slowhttp 0.07",verified this round -- matches security_family_recall.json exactly,keep
main.tex:349-353 (lending sec 4.2),(macro-F1 falls by 0.056--0.078) as the approval prevalence moves...,same aggregate-level contradiction as abstract,rewrite
main.tex:362-364 (clinical sec 4.2),(macro-F1 -0.131) and calibration deteriorates sharply (ECE 0.168->0.276; 0.41 for xgb),same stale 0.131 value; ECE numbers themselves correct,rewrite
main.tex:376-399 (Table 2/3 captions and cells),Clinical: holds (approx AUC); falls (down 0.131 macro-F1); Lending temporal: holds/improves; falls (down 0.06-0.08),clinical AUC 'holds' overstates a real 7.2-SE move; both macro-F1 numbers stale; lending's aggregate-level framing needs the per-cell nuance from the reconciliation,rewrite
main.tex:449 (meta-analysis),"We therefore report the cross-domain regressions... as exploratory synthesis over four domain-clusters, not as a fitted predictor, and rest the contribution on the categorical taxonomy.",compatible with the corrected novelty spine -- does not invoke H2b,keep
"main.tex:500-504 (Discussion, What failed and why)","Novel-label shift (security) broke discrimination and calibration precisely on classes absent from training, leaving trained classes untouched.","terminology drift (locked term is unseen attack-family deployment shift, used correctly elsewhere at :339); classes absent is imprecise -- no label-space change ever occurs; it is attack families within the positive class",rewrite
main.tex:516-519 (What practitioners should do differently),"...a covariate-only diagnosis is reassuring, a concept or novel-label diagnosis is a warning...",same stale novel-label terminology as :502,rewrite
"main.tex:533-538 (Related Work, shift benchmarks)","...such as WILDS and TableShift quantify how much accuracy drops under shift, within a modality. TrustShift differs in measuring calibration and subgroup reliability alongside discrimination, in assigning a mechanistic diagnosis, and in spanning modalities...",verified correct and already well-positioned (round-8 citation check),keep
main.tex:549 (Shift diagnosis and calibration paragraph),"Our contribution is not a new estimator but the finding that these cheap diagnostics, applied jointly, predict which trustworthiness axis a deployment will break.",reads as an H3-level claim (predict); H3 is not_established,rewrite
main.tex (Related Work generally),"DISDE, Wiles et al., Ovadia et al., Moreno-Torres et al., Quinonero-Candela et al., Shimodaira, Ben-David et al., Scheirer et al., Yang et al. -- none currently cited",all 9 freshly verified this round (docs/PHASE4_CITATION_VERIFICATION.md),"depends -- insert only the subset Phase 4 Related Work restructure needs, not all 9 reflexively"
main.tex (no explicit research-question sentence found),N/A -- main.tex does not currently state an explicit RQ sentence,canonical RQ frozen in CLAIM_LEDGER.md / PHASE3_FINAL_DECISION.md,"rewrite -- Introduction should state the canonical RQ explicitly, currently absent as a single sentence anywhere"
main.tex Figure 1 (taxonomy),not audited in detail this round -- out of scope for a read-only text grep pass,unknown,"depends -- needs its own visual-content pass in Phase 4 (T4.6), not assessable from grep"
