condition,severity,seed,n_train,split,n_eval,auc,seen_recall,seen_recall_n,seen_recall_ci_lo,seen_recall_ci_hi,unseen_recall,unseen_recall_n,unseen_recall_ci_lo,unseen_recall_ci_hi,overall_recall,overall_recall_n,overall_recall_ci_lo,overall_recall_ci_hi
baseline,baseline,42,69903,in_source_test,94512,0.9980234757488726,0.910363431393601,74512,0.9082896177379285,0.9124052275919574,,0,,,0.910363431393601,74512,0.9082896177379285,0.9124052275919574
baseline,baseline,42,69903,target_cicids2017,80899,0.6838160441879176,0.14515837698484377,60899,0.14236938487271847,0.1479812281006342,,0,,,0.14515837698484377,60899,0.14236938487271847,0.1479812281006342
baseline,baseline,7,69903,in_source_test,94512,0.9961731831785485,0.9103768520506764,74512,0.9083031762956821,0.9124185092919355,,0,,,0.9103768520506764,74512,0.9083031762956821,0.9124185092919355
baseline,baseline,7,69903,target_cicids2017,80899,0.6280652695446559,0.14548678960245653,60899,0.14269515689992468,0.1483122498488802,,0,,,0.14548678960245653,60899,0.14269515689992468,0.1483122498488802
baseline,baseline,123,69903,in_source_test,94512,0.9958739337287953,0.9110210435902942,74512,0.9089540034310339,0.9130560145244023,,0,,,0.9110210435902942,74512,0.9089540034310339,0.9130560145244023
baseline,baseline,123,69903,target_cicids2017,80899,0.7193052156028834,0.14671833691850442,60899,0.1439168454018751,0.14955353801093338,,0,,,0.14671833691850442,60899,0.1439168454018751,0.14955353801093338
mechanism_holdout,low,42,69259,in_source_test,94512,0.997188169690788,0.9096111697378034,73914,0.907521152930445,0.9116689691875071,0.9933110367892977,598,0.9829627983483823,0.9981745638550671,0.9102829074511488,74512,0.9082082666825204,0.9123255371009158
mechanism_holdout,low,42,69259,target_cicids2017,80899,0.6553382810062564,0.14550321023333718,60899,0.14271144562964316,0.14832880080795224,,0,,,0.14550321023333718,60899,0.14271144562964316,0.14832880080795224
mechanism_holdout,low,7,69259,in_source_test,94512,0.9968197951336697,0.9095841112644425,73914,0.9074938169130469,0.9116421904051351,0.9933110367892977,598,0.9829627983483823,0.9981745638550671,0.910256066136998,74512,0.9081811497748846,0.9122989734930463
mechanism_holdout,low,7,69259,target_cicids2017,80899,0.652183111791655,0.14578236095830802,60899,0.14298835590189568,0.14861016524540085,,0,,,0.14578236095830802,60899,0.14298835590189568,0.14861016524540085
mechanism_holdout,low,123,69259,in_source_test,94512,0.9956475349608117,0.910179397678383,73914,0.9080952222580272,0.9122313106524821,0.9949832775919732,598,0.9854095569375821,0.9989642339438364,0.9108599957053898,74512,0.9087912936341757,0.9128966412299162
mechanism_holdout,low,123,69259,target_cicids2017,80899,0.7388432663097916,0.14604509105239824,60899,0.14324898055104385,0.14887497561759677,,0,,,0.14604509105239824,60899,0.14324898055104385,0.14887497561759677
mechanism_holdout,medium,42,68574,in_source_test,94512,0.9985632978580631,0.9077982520226209,73914,0.9056897623766897,0.9098746681321624,0.8662207357859532,598,0.8362870423301993,0.8924768761064088,0.9074645694653211,74512,0.90536128963328,0.9095360599627074
mechanism_holdout,medium,42,68574,target_cicids2017,80899,0.7098934641783936,0.1458644641127112,60899,0.14306980077005282,0.14869291882136706,,0,,,0.1458644641127112,60899,0.14306980077005282,0.14869291882136706
mechanism_holdout,medium,7,68574,in_source_test,94512,0.9969536631683488,0.9075276672890116,73914,0.9054164416384138,0.9096068408648921,0.8678929765886287,598,0.8380946313373836,0.8939962364620897,0.907209576980889,74512,0.9051037352617411,0.9092836494258184
mechanism_holdout,medium,7,68574,target_cicids2017,80899,0.7036150092776565,0.1454375277098146,60899,0.1426462907840582,0.14826259689838517,,0,,,0.1454375277098146,60899,0.1426462907840582,0.14826259689838517
mechanism_holdout,medium,123,68574,in_source_test,94512,0.9970404673072794,0.9077576643125795,73914,0.9056487639191468,0.9098344943889416,0.8695652173913043,598,0.8399036411413545,0.8955141539969673,0.9074511488082456,74512,0.9053477340206384,0.9095227753170338
mechanism_holdout,medium,123,68574,target_cicids2017,80899,0.7823734806811278,0.14533900392453078,60899,0.14254855888228085,0.14816329066748565,,0,,,0.14533900392453078,60899,0.14254855888228085,0.14816329066748565
mechanism_holdout,high,42,66668,in_source_test,94512,0.9979750664322525,0.9057455087341667,72474,0.9035951221266807,0.9078633492052369,0.9283611383709519,2038,0.9162912014508162,0.9391803477389443,0.9063640755851406,74512,0.9042497732769375,0.9084466751287137
mechanism_holdout,high,42,66668,target_cicids2017,80899,0.7180442942412848,0.14336852821885418,60899,0.14059401379764624,0.14617707311167732,,0,,,0.14336852821885418,60899,0.14059401379764624,0.14617707311167732
mechanism_holdout,high,7,66668,in_source_test,94512,0.9978605603795361,0.9051935866655628,72474,0.9030376537464807,0.907317018082084,0.9288518155053974,2038,0.91681649420595,0.9396348672116164,0.9058406699592012,74512,0.9037211561892978,0.9079285221320701
mechanism_holdout,high,7,66668,target_cicids2017,80899,0.7050524179378972,0.14558531338774036,60899,0.14279288946138155,0.1484115554201925,,0,,,0.14558531338774036,60899,0.14279288946138155,0.1484115554201925
mechanism_holdout,high,123,66668,in_source_test,94512,0.9967667499865793,0.9057869028893121,72474,0.90363693314891,0.9079043231455843,0.9813542688910697,2038,0.9744963647870987,0.9867722317698067,0.9078537685205068,74512,0.905754408189093,0.9099213088969043
mechanism_holdout,high,123,66668,target_cicids2017,80899,0.76463414341779,0.14998604246375147,60899,0.14715871987605708,0.15284676166369324,,0,,,0.14998604246375147,60899,0.14715871987605708,0.15284676166369324
negative_control,low,42,69259,in_source_test,94512,0.9975018886219669,0.9102694867940735,74512,0.9081947082217787,0.9123122553039062,,0,,,0.9102694867940735,74512,0.9081947082217787,0.9123122553039062
negative_control,low,42,69259,target_cicids2017,80899,0.6700722261449285,0.14510911509220184,60899,0.14232051949086097,0.14793157441623303,,0,,,0.14510911509220184,60899,0.14232051949086097,0.14793157441623303
negative_control,low,7,69259,in_source_test,94512,0.9968927233197338,0.9101487008803951,74512,0.9080726826979105,0.912192718507887,,0,,,0.9101487008803951,74512,0.9080726826979105,0.912192718507887
negative_control,low,7,69259,target_cicids2017,80899,0.7043389875038999,0.14556889275685972,60899,0.14277660067062017,0.14839500452215473,,0,,,0.14556889275685972,60899,0.14277660067062017,0.14839500452215473
negative_control,low,123,69259,in_source_test,94512,0.995785198692828,0.9111820914751986,74512,0.9091167152447693,0.9132153858016012,,0,,,0.9111820914751986,74512,0.9091167152447693,0.9132153858016012
negative_control,low,123,69259,target_cicids2017,80899,0.7289821171119394,0.14660339250233995,60899,0.1438028182541493,0.1494376873362841,,0,,,0.14660339250233995,60899,0.1438028182541493,0.1494376873362841
negative_control,medium,42,68574,in_source_test,94512,0.9973988334093837,0.9104171140219025,74512,0.9083438520521749,0.9124583543086213,,0,,,0.9104171140219025,74512,0.9083438520521749,0.9124583543086213
negative_control,medium,42,68574,target_cicids2017,80899,0.6538853396607498,0.1453882658171727,60899,0.14259742477816145,0.1482129438379358,,0,,,0.1453882658171727,60899,0.14259742477816145,0.1482129438379358
negative_control,medium,7,68574,in_source_test,94512,0.9962115904149667,0.9102694867940735,74512,0.9081947082217787,0.9123122553039062,,0,,,0.9102694867940735,74512,0.9081947082217787,0.9123122553039062
negative_control,medium,7,68574,target_cicids2017,80899,0.6459678960245653,0.145601734018621,60899,0.14280917826434633,0.14842810630602854,,0,,,0.145601734018621,60899,0.14280917826434633,0.14842810630602854
negative_control,medium,123,68574,in_source_test,94512,0.9960659474312863,0.9111552501610479,74512,0.909089596468876,0.9131888240623673,,0,,,0.9111552501610479,74512,0.909089596468876,0.9131888240623673
negative_control,medium,123,68574,target_cicids2017,80899,0.7478984975122744,0.147145273321401,60899,0.14434037998820973,0.1499838353369943,,0,,,0.147145273321401,60899,0.14434037998820973,0.1499838353369943
negative_control,high,42,66668,in_source_test,94512,0.9979337358412068,0.9103768520506764,74512,0.9083031762956821,0.9124185092919355,,0,,,0.9103768520506764,74512,0.9083031762956821,0.9124185092919355
negative_control,high,42,66668,target_cicids2017,80899,0.6430304245554115,0.14563457528038226,60899,0.14284175590687934,0.1484612080411023,,0,,,0.14563457528038226,60899,0.14284175590687934,0.1484612080411023
negative_control,high,7,66668,in_source_test,94512,0.9966549549065923,0.910256066136998,74512,0.9081811497748846,0.9122989734930463,,0,,,0.910256066136998,74512,0.9081811497748846,0.9122989734930463
negative_control,high,7,66668,target_cicids2017,80899,0.6919118310645495,0.14583162285094994,60899,0.1430372227862549,0.14865981742751053,,0,,,0.14583162285094994,60899,0.1430372227862549,0.14865981742751053
negative_control,high,123,66668,in_source_test,94512,0.9957918751342065,0.9111149881898217,74512,0.9090489184102892,0.913148981348242,,0,,,0.9111149881898217,74512,0.9090489184102892,0.913148981348242
negative_control,high,123,66668,target_cicids2017,80899,0.7591260492783132,0.1476543128787008,60899,0.14484537417087637,0.15049687151288216,,0,,,0.1476543128787008,60899,0.14484537417087637,0.15049687151288216
