model,family,in_source_train,n_source_train,in_source_test,n_source_test,source_test_recall,in_target,n_target,target_recall
lightgbm,benign,True,20000,True,20000,,True,20000,
lightgbm,ddos,False,0,True,51,0.0,True,20000,0.3664
lightgbm,dns,False,0,True,3669,0.9362224039247752,False,0,
lightgbm,goldeneye,False,0,False,0,,True,10286,0.0
lightgbm,hulk,False,0,False,0,,True,20000,0.0001
lightgbm,ldap,True,1906,True,1440,0.9965277777777778,False,0,
lightgbm,mssql,True,8523,True,6212,0.9996780424983902,False,0,
lightgbm,netbios,True,644,True,598,0.9949832775919732,False,0,
lightgbm,ntp,False,0,True,20000,0.9964,False,0,
lightgbm,portmap,True,685,False,0,,False,0,
lightgbm,slowhttp,False,0,False,0,,True,5228,0.0732593726090283
lightgbm,slowloris,False,0,False,0,,True,5385,0.2139275766016713
lightgbm,snmp,False,0,True,2717,0.9992638940007361,False,0,
lightgbm,syn,True,20000,True,533,0.3696060037523452,False,0,
lightgbm,tftp,False,0,True,20000,0.9974,False,0,
lightgbm,udp,True,18145,True,19292,0.6920485175202157,False,0,
xgboost,benign,True,20000,True,20000,,True,20000,
xgboost,ddos,False,0,True,51,0.0,True,20000,0.3663
xgboost,dns,False,0,True,3669,0.9384028345598255,False,0,
xgboost,goldeneye,False,0,False,0,,True,10286,0.0
xgboost,hulk,False,0,False,0,,True,20000,0.00035
xgboost,ldap,True,1906,True,1440,0.9972222222222222,False,0,
xgboost,mssql,True,8523,True,6212,0.9995170637475853,False,0,
xgboost,netbios,True,644,True,598,0.9933110367892977,False,0,
xgboost,ntp,False,0,True,20000,0.99635,False,0,
xgboost,portmap,True,685,False,0,,False,0,
xgboost,slowhttp,False,0,False,0,,True,5228,0.07115531752104055
xgboost,slowloris,False,0,False,0,,True,5385,0.2107706592386258
xgboost,snmp,False,0,True,2717,0.9992638940007361,False,0,
xgboost,syn,True,20000,True,533,0.3696060037523452,False,0,
xgboost,tftp,False,0,True,20000,0.998,False,0,
xgboost,udp,True,18145,True,19292,0.692100352477711,False,0,
